run,method,generated,correct,accuracy,accuracy_ci95_low,accuracy_ci95_high,hit_max_tokens,hit_max_tokens_rate,boxed,boxed_rate
plain_prompt_full300_h200_aggr_b16_s16_rr4_hfcache_20260504_161613,plain,300,115,0.38333333333333336,0.330119832453064,0.43949686083266337,50,0.16666666666666666,267,0.89
plain_prompt_full300_h200_aggr_b16_s16_rr4_hfcache_20260504_161613,prompt,300,153,0.51,0.45366418945602693,0.5660829511194823,2,0.006666666666666667,299,0.9966666666666667
plain_prompt_full300_h200_aggr_b16_s16_rr4_hfcache_20260504_161613,combined,600,268,0.44666666666666666,0.40735189244428327,0.48666002233051153,52,0.08666666666666667,566,0.9433333333333334
