{
  "by_category": {
    "nondimensionalization_numeric": {
      "accuracy": 0.07407407407407407,
      "accuracy_ci95_high": 0.1755411583859995,
      "accuracy_ci95_low": 0.02918152776550481,
      "accuracy_ci95_minus": 0.04489254630856926,
      "accuracy_ci95_plus": 0.10146708431192544,
      "accuracy_stderr": 0.035638905505532455,
      "boxed": 54,
      "boxed_rate": 1.0,
      "boxed_rate_ci95_high": 1.0,
      "boxed_rate_ci95_low": 0.9335864119091037,
      "boxed_rate_ci95_minus": 0.06641358809089626,
      "boxed_rate_ci95_plus": 0.0,
      "boxed_rate_stderr": 0.0,
      "correct": 4,
      "exact_match": 0,
      "exact_match_rate": 0.0,
      "exact_match_rate_ci95_high": 0.0664135880908964,
      "exact_match_rate_ci95_low": 0.0,
      "exact_match_rate_ci95_minus": 0.0,
      "exact_match_rate_ci95_plus": 0.0664135880908964,
      "exact_match_rate_stderr": 0.0,
      "generated": 54,
      "hit_max_tokens": 0,
      "hit_max_tokens_rate": 0.0,
      "hit_max_tokens_rate_ci95_high": 0.0664135880908964,
      "hit_max_tokens_rate_ci95_low": 0.0,
      "hit_max_tokens_rate_ci95_minus": 0.0,
      "hit_max_tokens_rate_ci95_plus": 0.0664135880908964,
      "hit_max_tokens_rate_stderr": 0.0,
      "missing_box": 0,
      "missing_box_rate": 0.0,
      "missing_box_rate_ci95_high": 0.0664135880908964,
      "missing_box_rate_ci95_low": 0.0,
      "missing_box_rate_ci95_minus": 0.0,
      "missing_box_rate_ci95_plus": 0.0664135880908964,
      "missing_box_rate_stderr": 0.0,
      "numeric_match": 4,
      "numeric_match_rate": 0.07407407407407407,
      "numeric_match_rate_ci95_high": 0.1755411583859995,
      "numeric_match_rate_ci95_low": 0.02918152776550481,
      "numeric_match_rate_ci95_minus": 0.04489254630856926,
      "numeric_match_rate_ci95_plus": 0.10146708431192544,
      "numeric_match_rate_stderr": 0.035638905505532455
    },
    "polynomial_roots": {
      "accuracy": 0.19047619047619047,
      "accuracy_ci95_high": 0.40000564690204926,
      "accuracy_ci95_low": 0.07667565052761793,
      "accuracy_ci95_minus": 0.11380053994857253,
      "accuracy_ci95_plus": 0.2095294564258588,
      "accuracy_stderr": 0.08568908674689879,
      "boxed": 20,
      "boxed_rate": 0.9523809523809523,
      "boxed_rate_ci95_high": 0.9915440121901737,
      "boxed_rate_ci95_low": 0.7733063992587743,
      "boxed_rate_ci95_minus": 0.17907455312217802,
      "boxed_rate_ci95_plus": 0.03916305980922141,
      "boxed_rate_stderr": 0.04647143204516827,
      "correct": 4,
      "exact_match": 0,
      "exact_match_rate": 0.0,
      "exact_match_rate_ci95_high": 0.154639018924847,
      "exact_match_rate_ci95_low": 0.0,
      "exact_match_rate_ci95_minus": 0.0,
      "exact_match_rate_ci95_plus": 0.154639018924847,
      "exact_match_rate_stderr": 0.0,
      "generated": 21,
      "hit_max_tokens": 2,
      "hit_max_tokens_rate": 0.09523809523809523,
      "hit_max_tokens_rate_ci95_high": 0.28914139073918255,
      "hit_max_tokens_rate_ci95_low": 0.026518767438074548,
      "hit_max_tokens_rate_ci95_minus": 0.06871932780002069,
      "hit_max_tokens_rate_ci95_plus": 0.1939032955010873,
      "hit_max_tokens_rate_stderr": 0.06405644848900469,
      "missing_box": 1,
      "missing_box_rate": 0.047619047619047616,
      "missing_box_rate_ci95_high": 0.22669360074122563,
      "missing_box_rate_ci95_low": 0.008455987809826399,
      "missing_box_rate_ci95_minus": 0.03916305980922122,
      "missing_box_rate_ci95_plus": 0.17907455312217802,
      "missing_box_rate_stderr": 0.046471432045168244,
      "numeric_match": 4,
      "numeric_match_rate": 0.19047619047619047,
      "numeric_match_rate_ci95_high": 0.40000564690204926,
      "numeric_match_rate_ci95_low": 0.07667565052761793,
      "numeric_match_rate_ci95_minus": 0.11380053994857253,
      "numeric_match_rate_ci95_plus": 0.2095294564258588,
      "numeric_match_rate_stderr": 0.08568908674689879
    }
  },
  "by_method": {
    "canonical_memory_profile_heuristic_completion_rho4.00_pg3.00_planner1.50_math2.50_checker2.00_completion1.00_routing_hybrid": {
      "accuracy": 0.10666666666666667,
      "accuracy_ci95_high": 0.19661362846473074,
      "accuracy_ci95_low": 0.05504912762174319,
      "accuracy_ci95_minus": 0.051617539044923486,
      "accuracy_ci95_plus": 0.08994696179806407,
      "accuracy_stderr": 0.03564433361024608,
      "boxed": 74,
      "boxed_rate": 0.9866666666666667,
      "boxed_rate_ci95_high": 0.9976424488609515,
      "boxed_rate_ci95_low": 0.9282663444557845,
      "boxed_rate_ci95_minus": 0.058400322210882205,
      "boxed_rate_ci95_plus": 0.010975782194284855,
      "boxed_rate_stderr": 0.0132441461562234,
      "correct": 8,
      "exact_match": 0,
      "exact_match_rate": 0.0,
      "exact_match_rate_ci95_high": 0.04872384248280587,
      "exact_match_rate_ci95_low": 0.0,
      "exact_match_rate_ci95_minus": 0.0,
      "exact_match_rate_ci95_plus": 0.04872384248280587,
      "exact_match_rate_stderr": 0.0,
      "generated": 75,
      "hit_max_tokens": 2,
      "hit_max_tokens_rate": 0.02666666666666667,
      "hit_max_tokens_rate_ci95_high": 0.09211488187759151,
      "hit_max_tokens_rate_ci95_low": 0.0073436890061313945,
      "hit_max_tokens_rate_ci95_minus": 0.019322977660535274,
      "hit_max_tokens_rate_ci95_plus": 0.06544821521092484,
      "hit_max_tokens_rate_stderr": 0.01860306625462787,
      "missing_box": 1,
      "missing_box_rate": 0.013333333333333334,
      "missing_box_rate_ci95_high": 0.07173365554421572,
      "missing_box_rate_ci95_low": 0.002357551139048661,
      "missing_box_rate_ci95_minus": 0.010975782194284673,
      "missing_box_rate_ci95_plus": 0.058400322210882386,
      "missing_box_rate_stderr": 0.013244146156223414,
      "numeric_match": 8,
      "numeric_match_rate": 0.10666666666666667,
      "numeric_match_rate_ci95_high": 0.19661362846473074,
      "numeric_match_rate_ci95_low": 0.05504912762174319,
      "numeric_match_rate_ci95_minus": 0.051617539044923486,
      "numeric_match_rate_ci95_plus": 0.08994696179806407,
      "numeric_match_rate_stderr": 0.03564433361024608
    }
  },
  "response_file_count": 1,
  "run_root": "/workspace/qwen3_moe_math_copy/results/raw/bank_weight_full300_ml9_hygiene_heavy_p1p5_m2p5_c2_comp1_h200_threadcap_mem70_seqs2_20260504_071010/qwen3_moe_math_outputs_vllm_shards/hardmath_mini300_hygiene_heavy_p1p5_m2p5_c2_comp1_h200_threadcap_mem70_seqs2_ml9_shard1_t16384",
  "scored_rows_preview": [
    {
      "boxed_answer": "\\sqrt[7]{648}",
      "category": "nondimensionalization_numeric",
      "exact_match": false,
      "has_boxed_answer": true,
      "id": "75",
      "method_tag": "canonical_memory_profile_heuristic_completion_rho4.00_pg3.00_planner1.50_math2.50_checker2.00_completion1.00_routing_hybrid",
      "numeric_match": false,
      "reference_answer": "2.52",
      "score": 0.0
    },
    {
      "boxed_answer": "-\\dfrac{2\\sqrt{6}}{9}",
      "category": "nondimensionalization_numeric",
      "exact_match": false,
      "has_boxed_answer": true,
      "id": "76",
      "method_tag": "canonical_memory_profile_heuristic_completion_rho4.00_pg3.00_planner1.50_math2.50_checker2.00_completion1.00_routing_hybrid",
      "numeric_match": false,
      "reference_answer": "0.54",
      "score": 0.0
    },
    {
      "boxed_answer": "\\dfrac{3}{\\sqrt[3]{2}}",
      "category": "nondimensionalization_numeric",
      "exact_match": false,
      "has_boxed_answer": true,
      "id": "77",
      "method_tag": "canonical_memory_profile_heuristic_completion_rho4.00_pg3.00_planner1.50_math2.50_checker2.00_completion1.00_routing_hybrid",
      "numeric_match": false,
      "reference_answer": "2.38",
      "score": 0.0
    },
    {
      "boxed_answer": "\\left( \\dfrac{2}{5} \\right)^{2/7}",
      "category": "nondimensionalization_numeric",
      "exact_match": false,
      "has_boxed_answer": true,
      "id": "78",