{
  "by_category": {
    "laplace_integral": {
      "accuracy": 0.14814814814814814,
      "accuracy_ci95_high": 0.26600115283605885,
      "accuracy_ci95_low": 0.07703063137605341,
      "accuracy_ci95_minus": 0.07111751677209473,
      "accuracy_ci95_plus": 0.11785300468791071,
      "accuracy_stderr": 0.04834296347518819,
      "boxed": 47,
      "boxed_rate": 0.8703703703703703,
      "boxed_rate_ci95_high": 0.9357627925267374,
      "boxed_rate_ci95_low": 0.7557826977763024,
      "boxed_rate_ci95_minus": 0.11458767259406799,
      "boxed_rate_ci95_plus": 0.06539242215636709,
      "boxed_rate_stderr": 0.04570958825416268,
      "correct": 8,
      "exact_match": 0,
      "exact_match_rate": 0.0,
      "exact_match_rate_ci95_high": 0.0664135880908964,
      "exact_match_rate_ci95_low": 0.0,
      "exact_match_rate_ci95_minus": 0.0,
      "exact_match_rate_ci95_plus": 0.0664135880908964,
      "exact_match_rate_stderr": 0.0,
      "generated": 54,
      "hit_max_tokens": 8,
      "hit_max_tokens_rate": 0.14814814814814814,
      "hit_max_tokens_rate_ci95_high": 0.26600115283605885,
      "hit_max_tokens_rate_ci95_low": 0.07703063137605341,
      "hit_max_tokens_rate_ci95_minus": 0.07111751677209473,
      "hit_max_tokens_rate_ci95_plus": 0.11785300468791071,
      "hit_max_tokens_rate_stderr": 0.04834296347518819,
      "missing_box": 7,
      "missing_box_rate": 0.12962962962962962,
      "missing_box_rate_ci95_high": 0.2442173022236977,
      "missing_box_rate_ci95_low": 0.06423720747326256,
      "missing_box_rate_ci95_minus": 0.06539242215636706,
      "missing_box_rate_ci95_plus": 0.11458767259406807,
      "missing_box_rate_stderr": 0.04570958825416267,
      "numeric_match": 8,
      "numeric_match_rate": 0.14814814814814814,
      "numeric_match_rate_ci95_high": 0.26600115283605885,
      "numeric_match_rate_ci95_low": 0.07703063137605341,
      "numeric_match_rate_ci95_minus": 0.07111751677209473,
      "numeric_match_rate_ci95_plus": 0.11785300468791071,
      "numeric_match_rate_stderr": 0.04834296347518819
    },
    "ode": {
      "accuracy": 0.23809523809523808,
      "accuracy_ci95_high": 0.4509117368295076,
      "accuracy_ci95_low": 0.10628013022636465,
      "accuracy_ci95_minus": 0.13181510786887343,
      "accuracy_ci95_plus": 0.2128164987342695,
      "accuracy_stderr": 0.09294286409033649,
      "boxed": 20,
      "boxed_rate": 0.9523809523809523,
      "boxed_rate_ci95_high": 0.9915440121901737,
      "boxed_rate_ci95_low": 0.7733063992587743,
      "boxed_rate_ci95_minus": 0.17907455312217802,
      "boxed_rate_ci95_plus": 0.03916305980922141,
      "boxed_rate_stderr": 0.04647143204516827,
      "correct": 5,
      "exact_match": 0,
      "exact_match_rate": 0.0,
      "exact_match_rate_ci95_high": 0.154639018924847,
      "exact_match_rate_ci95_low": 0.0,
      "exact_match_rate_ci95_minus": 0.0,
      "exact_match_rate_ci95_plus": 0.154639018924847,
      "exact_match_rate_stderr": 0.0,
      "generated": 21,
      "hit_max_tokens": 4,
      "hit_max_tokens_rate": 0.19047619047619047,
      "hit_max_tokens_rate_ci95_high": 0.40000564690204926,
      "hit_max_tokens_rate_ci95_low": 0.07667565052761793,
      "hit_max_tokens_rate_ci95_minus": 0.11380053994857253,
      "hit_max_tokens_rate_ci95_plus": 0.2095294564258588,
      "hit_max_tokens_rate_stderr": 0.08568908674689879,
      "missing_box": 1,
      "missing_box_rate": 0.047619047619047616,
      "missing_box_rate_ci95_high": 0.22669360074122563,
      "missing_box_rate_ci95_low": 0.008455987809826399,
      "missing_box_rate_ci95_minus": 0.03916305980922122,
      "missing_box_rate_ci95_plus": 0.17907455312217802,
      "missing_box_rate_stderr": 0.046471432045168244,
      "numeric_match": 5,
      "numeric_match_rate": 0.23809523809523808,
      "numeric_match_rate_ci95_high": 0.4509117368295076,
      "numeric_match_rate_ci95_low": 0.10628013022636465,
      "numeric_match_rate_ci95_minus": 0.13181510786887343,
      "numeric_match_rate_ci95_plus": 0.2128164987342695,
      "numeric_match_rate_stderr": 0.09294286409033649
    }
  },
  "by_method": {
    "canonical_memory_profile_heuristic_completion_rho4.00_pg3.00_planner1.50_math2.50_checker2.00_completion1.00_routing_hybrid": {
      "accuracy": 0.17333333333333334,
      "accuracy_ci95_high": 0.2743081144051939,
      "accuracy_ci95_low": 0.1041914626835726,
      "accuracy_ci95_minus": 0.06914187064976074,
      "accuracy_ci95_plus": 0.10097478107186059,
      "accuracy_stderr": 0.04370947858895732,
      "boxed": 67,
      "boxed_rate": 0.8933333333333333,
      "boxed_rate_ci95_high": 0.9449508723782568,
      "boxed_rate_ci95_low": 0.8033863715352693,
      "boxed_rate_ci95_minus": 0.08994696179806405,
      "boxed_rate_ci95_plus": 0.0516175390449235,
      "boxed_rate_stderr": 0.03564433361024608,
      "correct": 13,
      "exact_match": 0,
      "exact_match_rate": 0.0,
      "exact_match_rate_ci95_high": 0.04872384248280587,
      "exact_match_rate_ci95_low": 0.0,
      "exact_match_rate_ci95_minus": 0.0,
      "exact_match_rate_ci95_plus": 0.04872384248280587,
      "exact_match_rate_stderr": 0.0,
      "generated": 75,
      "hit_max_tokens": 12,
      "hit_max_tokens_rate": 0.16,
      "hit_max_tokens_rate_ci95_high": 0.25916707685254664,
      "hit_max_tokens_rate_ci95_low": 0.09396513603576141,
      "hit_max_tokens_rate_ci95_minus": 0.06603486396423859,
      "hit_max_tokens_rate_ci95_plus": 0.09916707685254664,
      "hit_max_tokens_rate_stderr": 0.04233202097703345,
      "missing_box": 8,
      "missing_box_rate": 0.10666666666666667,
      "missing_box_rate_ci95_high": 0.19661362846473074,
      "missing_box_rate_ci95_low": 0.05504912762174319,
      "missing_box_rate_ci95_minus": 0.051617539044923486,
      "missing_box_rate_ci95_plus": 0.08994696179806407,
      "missing_box_rate_stderr": 0.03564433361024608,
      "numeric_match": 13,
      "numeric_match_rate": 0.17333333333333334,
      "numeric_match_rate_ci95_high": 0.2743081144051939,
      "numeric_match_rate_ci95_low": 0.1041914626835726,
      "numeric_match_rate_ci95_minus": 0.06914187064976074,
      "numeric_match_rate_ci95_plus": 0.10097478107186059,
      "numeric_match_rate_stderr": 0.04370947858895732
    }
  },
  "response_file_count": 1,
  "run_root": "/workspace/qwen3_moe_math_copy/results/raw/bank_weight_full300_ml9_hygiene_heavy_p1p5_m2p5_c2_comp1_h200_threadcap_mem70_seqs2_20260504_071010/qwen3_moe_math_outputs_vllm_shards/hardmath_mini300_hygiene_heavy_p1p5_m2p5_c2_comp1_h200_threadcap_mem70_seqs2_ml9_shard3_t16384",
  "scored_rows_preview": [
    {
      "boxed_answer": "\\frac{1}{2}x^{2/3}",
      "category": "ode",
      "exact_match": false,
      "has_boxed_answer": true,
      "id": "225",
      "method_tag": "canonical_memory_profile_heuristic_completion_rho4.00_pg3.00_planner1.50_math2.50_checker2.00_completion1.00_routing_hybrid",
      "numeric_match": true,
      "reference_answer": "['y = 1 - \\\\frac{x^{3}}{24}\\n', '\\ny = \\\\sqrt[3]{30} (x - 11.3711371137114)^{\\\\frac{1}{3}} + (3.11810616687259)\\n\\n\\n']",
      "score": 1.0
    },
    {
      "boxed_answer": "3 \\left( \\frac{10}{9} \\right)^{1/3} x^{1/3}",
      "category": "ode",
      "exact_match": false,
      "has_boxed_answer": true,
      "id": "226",
      "method_tag": "canonical_memory_profile_heuristic_completion_rho4.00_pg3.00_planner1.50_math2.50_checker2.00_completion1.00_routing_hybrid",
      "numeric_match": false,
      "reference_answer": "['y = 1 - \\\\frac{5 x^{3}}{6}\\n', '\\ny = \\\\sqrt[3]{30} (x - 3.15031503150315)^{\\\\frac{1}{3}} + (1.96499064107377)\\n\\n\\n']",
      "score": 0.0
    },
    {
      "boxed_answer": "1 - \\frac{1}{9}x^3 + \\frac{1}{432}x^4",
      "category": "ode",
      "exact_match": false,
      "has_boxed_answer": true,
      "id": "227",
      "method_tag": "canonical_memory_profile_heuristic_completion_rho4.00_pg3.00_planner1.50_math2.50_checker2.00_completion1.00_routing_hybrid",